{
    "train_loss": [
        1.6995675523056943,
        1.351286950614038,
        1.1878338084261642,
        1.0684064575749586,
        0.9849331319501936,
        0.9244362871531407,
        0.8686437898891264,
        0.8265943865151147,
        0.7970601242152374,
        0.7566021341204303,
        0.7252817341574916,
        0.6925334244372159,
        0.6717394575943635,
        0.6509226696443694,
        0.6324101644873279,
        0.6175780794729194,
        0.596856780371435,
        0.5784776220124671,
        0.560299562338071,
        0.54604841908838,
        0.5313276455782757,
        0.5172948902658587,
        0.5108669039360818,
        0.489142050091018,
        0.48278364089139847,
        0.46911674661514086,
        0.46138553962408646,
        0.44816785507392337,
        0.43327440058234074,
        0.4286892892967941,
        0.42045136874387745,
        0.4017522844493899,
        0.40024426180412964,
        0.3912491795429137,
        0.3811240975673382,
        0.3782380773895486,
        0.3686162361562082,
        0.3573951409583078,
        0.34793634007968793,
        0.3393860476309078,
        0.33270877069048055,
        0.3248256434742202,
        0.3199765251317934,
        0.31705692351034226,
        0.29955608017763863,
        0.30075595377177594,
        0.29121316608540354
    ],
    "train_acc": [
        38.44818376068376,
        51.65820868945869,
        57.67450142450142,
        62.15500356125356,
        65.15090811965813,
        67.32995014245014,
        69.30867165242165,
        70.84668803418803,
        72.03303062678063,
        73.29504985754986,
        74.30332977207978,
        75.41399572649573,
        76.35550213675214,
        77.05217236467236,
        77.83564814814815,
        78.32086894586895,
        78.78383190883191,
        79.73201566951568,
        80.32852564102564,
        80.66461894586895,
        81.38577279202279,
        81.50373931623932,
        81.95779914529915,
        82.63221153846153,
        82.84143518518519,
        83.39565527065527,
        83.67165242165242,
        84.11680911680912,
        84.51522435897436,
        84.92254273504274,
        85.03160612535612,
        85.80617877492878,
        85.77056623931624,
        85.85959757834758,
        86.4894943019943,
        86.33814102564102,
        86.78997507122507,
        87.45771011396012,
        87.50222578347578,
        87.96073717948718,
        88.0252849002849,
        88.51273148148148,
        88.5906339031339,
        88.62402065527066,
        89.30733618233619,
        89.15375712250712,
        89.62562321937322
    ],
    "val_loss": [
        1.4738208651542664,
        1.2161701753735543,
        1.1403794839978219,
        0.9786404684185982,
        0.896889939904213,
        0.9089129567146301,
        0.8337414726614952,
        0.823373706638813,
        0.7426698207855225,
        0.7562217384576797,
        0.7377466842532158,
        0.7525055214762688,
        0.6967985108494759,
        0.6879297062754631,
        0.6500187523663044,
        0.6596916496753693,
        0.6612714916467667,
        0.6576392784714699,
        0.6609413586556911,
        0.6281844697892666,
        0.6255519278347492,
        0.6415752172470093,
        0.6139185138046741,
        0.6414496339857578,
        0.634675894677639,
        0.6307566344738007,
        0.6162950210273266,
        0.6204891242086887,
        0.6858970075845718,
        0.6125658556818963,
        0.6118031024932862,
        0.6304177351295948,
        0.6237320147454739,
        0.625541164726019,
        0.629996994882822,
        0.5863219812512398,
        0.6040655069053174,
        0.6167250394821167,
        0.6249366037547588,
        0.6084738232195377,
        0.6629857681691647,
        0.6384700007736683,
        0.6035352073609829,
        0.6264461696147918,
        0.631034578382969,
        0.6247242107987404,
        0.63927938118577
    ],
    "val_acc": [
        47.38,
        56.58,
        59.7,
        65.98,
        68.56,
        68.72,
        71.6,
        71.5,
        74.54,
        74.14,
        74.92,
        74.5,
        76.24,
        76.78,
        78.24,
        77.34,
        77.72,
        78.28,
        78.2,
        78.74,
        79.24,
        79.48,
        79.58,
        79.06,
        79.96,
        79.28,
        80.28,
        80.04,
        78.44,
        80.68,
        80.54,
        80.66,
        80.28,
        81.18,
        80.86,
        81.5,
        81.2,
        81.16,
        81.86,
        81.24,
        80.74,
        81.64,
        82.44,
        81.4,
        82.06,
        81.58,
        81.18
    ]
}