{
    "train_loss": [
        2.0110410839064508,
        1.6295297359808898,
        1.5098051070487737,
        1.4114384104383637,
        1.342153041111438,
        1.2886276859843153,
        1.2361367927317606,
        1.2028012005691855,
        1.184749718065615,
        1.1562069279176217,
        1.1289706919607614,
        1.1150888712317855,
        1.090040165304798,
        1.0723795765145892,
        1.0749959011702797,
        1.0607749238992348,
        1.0493826215763038,
        1.0344756851848373,
        1.039234287039167,
        1.0256143871195975,
        1.0220253119441518,
        1.0035158169914855,
        1.0023780436257692,
        1.0030717550859152,
        0.9865573987661943,
        0.9828714842130656,
        0.9802586159475168,
        0.9663676658586898,
        0.9700813989693623,
        0.9586141046635446,
        0.9629480888021638,
        0.953524736936955,
        0.9488312532419493,
        0.9496263887128259,
        0.9470029434247574,
        0.9417683522925417,
        0.935353565419841,
        0.9408541608739782,
        0.9340906540552775,
        0.9298324252125884,
        0.9294738088577901,
        0.9216518291720638,
        0.9176680832846552
    ],
    "train_acc": [
        24.712873931623932,
        39.72800925925926,
        44.76495726495727,
        49.08297720797721,
        51.79620726495727,
        54.07540954415954,
        55.81374643874644,
        57.291666666666664,
        58.124109686609685,
        59.308226495726494,
        59.962606837606835,
        60.772792022792025,
        61.58520299145299,
        62.5,
        62.04816595441596,
        62.68919159544159,
        63.23673433048433,
        63.675213675213676,
        63.59953703703704,
        63.90669515669516,
        63.97792022792023,
        64.87713675213675,
        64.91720085470085,
        64.74581552706553,
        65.19319800569801,
        65.66283831908832,
        65.72293447293447,
        65.96554487179488,
        65.90099715099716,
        66.29496082621083,
        66.48192663817663,
        66.6889245014245,
        66.65331196581197,
        66.54870014245014,
        66.94488960113961,
        66.86921296296296,
        67.28543447293447,
        67.10069444444444,
        67.51914173789174,
        67.35665954415954,
        67.52581908831908,
        67.56588319088318,
        67.94426638176638
    ],
    "val_loss": [
        1.6676719695329667,
        1.4530495315790177,
        1.3359388619661332,
        1.2698336213827133,
        1.2289706826210023,
        1.1394161075353622,
        1.2218822956085205,
        1.0999327644705772,
        1.0956167742609977,
        1.0423526033759116,
        1.0216108858585358,
        1.018087589740753,
        0.9831557050347328,
        0.9850077569484711,
        1.0453373402357102,
        1.0130421116948127,
        0.9728308364748954,
        0.9655496180057526,
        0.953680942952633,
        0.9459937289357185,
        0.9572556033730507,
        0.9462742507457733,
        0.9805212616920471,
        0.9204721540212631,
        0.9628407403826713,
        0.9307848766446114,
        0.9115345060825348,
        0.915178045630455,
        0.920747447013855,
        0.9178682789206505,
        0.9033399567008018,
        0.8999957144260406,
        0.8845009177923202,
        0.878772446513176,
        0.8751610189676284,
        0.8901472106575966,
        0.8846132963895798,
        0.8644497245550156,
        0.8624011963605881,
        0.8762725114822387,
        0.8961732134222984,
        0.8952837437391281,
        0.8763240590691567
    ],
    "val_acc": [
        39.04,
        47.84,
        51.62,
        53.24,
        55.58,
        59.34,
        55.92,
        61.0,
        61.32,
        62.76,
        64.0,
        63.9,
        66.22,
        65.58,
        63.46,
        65.4,
        66.02,
        66.42,
        66.86,
        66.78,
        66.54,
        67.36,
        66.2,
        67.9,
        66.42,
        67.56,
        69.0,
        68.68,
        68.58,
        68.48,
        69.54,
        69.16,
        69.16,
        69.92,
        69.62,
        69.5,
        70.26,
        69.58,
        70.36,
        69.72,
        69.46,
        69.82,
        70.16
    ]
}