{
    "train_loss": [
        1.4901853487362549,
        0.9763401315422819,
        0.7431883564022531,
        0.6269541755530909,
        0.5413127592486194,
        0.49021767024640683,
        0.4362864110969071,
        0.40194811419374243,
        0.3631354580577622,
        0.33871223732956457,
        0.3111479779509058,
        0.29989323253475364,
        0.27346691616580016,
        0.2548308214570722,
        0.23686925846117515,
        0.22621438420905687,
        0.2095370140892488,
        0.19440909388058544,
        0.1844900935527436,
        0.17250444856803981,
        0.1674289154446023,
        0.15112865510319712,
        0.1456495025261515,
        0.13283936942574645,
        0.12945363948657643,
        0.12161212124758297,
        0.11465553668171083
    ],
    "train_acc": [
        45.51059472934473,
        65.49590455840456,
        73.85594729344729,
        78.02706552706553,
        81.22551638176638,
        83.03507834757835,
        84.98709045584046,
        86.06436965811966,
        87.30858262108262,
        88.2678952991453,
        89.0625,
        89.62339743589743,
        90.41577635327636,
        91.12802706552706,
        91.71118233618233,
        92.21866096866097,
        92.55475427350427,
        93.16239316239316,
        93.6832264957265,
        93.94141737891738,
        94.14396367521367,
        94.65589387464388,
        94.76273148148148,
        95.31472578347578,
        95.44159544159544,
        95.71536680911682,
        95.89788105413105
    ],
    "val_loss": [
        1.1110678374767304,
        0.7870168939232827,
        0.7650854043662548,
        0.6162315584719181,
        0.6489576086401939,
        0.57724834010005,
        0.6161009229719638,
        0.5753671728074551,
        0.46764849275350573,
        0.3978658258914948,
        0.4223476581275463,
        0.4270680990070105,
        0.3659566182643175,
        0.39836370870471,
        0.44310026839375494,
        0.3891510047018528,
        0.5126756198704243,
        0.3807330451905727,
        0.40165505148470404,
        0.3354858350008726,
        0.3447094071656466,
        0.35129025066271424,
        0.3637980740517378,
        0.42544023022055627,
        0.41003173477947713,
        0.3542524050921202,
        0.39567639119923115
    ],
    "val_acc": [
        60.52,
        72.36,
        73.9,
        79.68,
        78.72,
        81.3,
        80.7,
        81.98,
        85.08,
        86.54,
        86.68,
        86.4,
        87.66,
        87.5,
        86.36,
        88.58,
        86.08,
        89.02,
        88.5,
        89.42,
        89.7,
        89.66,
        90.22,
        88.94,
        89.38,
        90.1,
        90.1
    ]
}