{
    "train_loss": [
        1.603370489218296,
        1.3321406043153203,
        1.2251150234472379,
        1.1498942886322652,
        1.0896593471537968,
        1.0397490602612836,
        1.0005795649993114,
        0.9665121094793336,
        0.9368098125158891,
        0.9034815804231541,
        0.8844586483433715,
        0.8639322198354281,
        0.8392255851346203,
        0.824939373211983,
        0.813790024855198,
        0.7941917476491032,
        0.7798993678344281,
        0.7670207320794761,
        0.754204983555014,
        0.7426066492867266,
        0.727482099139113,
        0.7253585276950119,
        0.7145562961570218,
        0.7012565667473013,
        0.6947019366796879,
        0.6850039768762398,
        0.682892264209242,
        0.6693073318384991,
        0.6586324160764699,
        0.6555794431613042,
        0.6479079646092875,
        0.646345946778599,
        0.641005200113666
    ],
    "train_acc": [
        40.83867521367522,
        51.65820868945869,
        55.77145655270655,
        58.6471688034188,
        61.006499287749286,
        62.918447293447294,
        64.5477207977208,
        65.48922720797721,
        66.95156695156695,
        68.09339387464388,
        68.8991274928775,
        69.70931267806267,
        70.69756054131054,
        70.90233262108262,
        71.48103632478633,
        72.31793091168092,
        72.8432158119658,
        73.16372863247864,
        73.55546652421653,
        74.07629985754986,
        74.4480056980057,
        74.72845441595442,
        74.88648504273505,
        75.4852207977208,
        75.79237891737891,
        76.0639245014245,
        76.32656695156695,
        76.7383368945869,
        76.77394943019944,
        77.1679131054131,
        77.2369123931624,
        77.54852207977208,
        77.55742521367522
    ],
    "val_loss": [
        1.2679109662771224,
        1.087195800244808,
        1.1379439234733582,
        1.0081034123897552,
        0.899120956659317,
        0.8907322019338608,
        0.8555182173848153,
        0.7944883689284324,
        0.7726004391908645,
        0.7652583926916122,
        0.7566606968641281,
        0.7948720097541809,
        0.760677932202816,
        0.6885515317320824,
        0.7061755940318107,
        0.7032283574342728,
        0.6565153822302818,
        0.6404376685619354,
        0.6345620512962341,
        0.6288381367921829,
        0.6433171831071377,
        0.6307977937161923,
        0.6198966689407825,
        0.5970134854316711,
        0.6230881042778492,
        0.6268055029213428,
        0.6264973595738411,
        0.600872652232647,
        0.5658885635435581,
        0.5843332573771477,
        0.6134162962436676,
        0.5765238963067532,
        0.5698958858847618
    ],
    "val_acc": [
        53.64,
        61.16,
        59.34,
        63.78,
        68.3,
        69.34,
        70.42,
        72.16,
        73.78,
        73.46,
        73.58,
        72.52,
        73.54,
        76.62,
        75.68,
        75.92,
        77.16,
        77.88,
        78.16,
        78.46,
        77.48,
        78.94,
        79.24,
        79.32,
        78.66,
        78.66,
        78.34,
        79.12,
        81.14,
        80.64,
        79.76,
        80.4,
        80.66
    ]
}